scenario,seed,method,runtime_ms,runtime_source,objective,distance_km,fuel_kg,co2_kg,feasible,route,qiskit_used,quantum_backend,fallback
Normal conditions,42,classical,0.6249999987630872,solver-reported,10.11948886537429,741.2589212032678,1915.3864332399946,6052.6211290383835,True,A01 -> N03 -> N06 -> N08 -> A10,True,Qiskit Statevector (local simulator),False
Normal conditions,42,quantum,213.74619999915012,qaoa-reported,10.11948886537429,741.2589212032678,1915.3864332399946,6052.6211290383835,True,A01 -> N03 -> N06 -> N08 -> A10,True,Qiskit Statevector (local simulator),False
Normal conditions,42,hybrid,546.0746999997355,hybrid-pipeline-reported,10.11948886537429,741.2589212032678,1915.3864332399946,6052.6211290383835,True,A01 -> N03 -> N06 -> N08 -> A10,True,Qiskit Statevector (local simulator),False
Normal conditions,43,classical,0.2537000000302214,solver-reported,10.382790834833129,741.2589212032678,1924.2077233939788,6080.496405924972,True,A01 -> N03 -> N06 -> N08 -> A10,True,Qiskit Statevector (local simulator),False
Normal conditions,43,quantum,351.407800000743,qaoa-reported,10.382790834833129,741.2589212032678,1924.2077233939788,6080.496405924972,True,A01 -> N03 -> N06 -> N08 -> A10,True,Qiskit Statevector (local simulator),False
Normal conditions,43,hybrid,355.88629999983823,hybrid-pipeline-reported,10.382790834833129,741.2589212032678,1924.2077233939788,6080.496405924972,True,A01 -> N03 -> N06 -> N08 -> A10,True,Qiskit Statevector (local simulator),False
Normal conditions,44,classical,0.2614999993966194,solver-reported,9.948683742815941,741.2589212032678,1911.8002340837234,6041.288739704565,True,A01 -> N03 -> N06 -> N08 -> A10,True,Qiskit Statevector (local simulator),False
Normal conditions,44,quantum,329.65340000009746,qaoa-reported,9.948683742815941,741.2589212032678,1911.8002340837234,6041.288739704565,True,A01 -> N03 -> N06 -> N08 -> A10,True,Qiskit Statevector (local simulator),False
Normal conditions,44,hybrid,334.4818999994459,hybrid-pipeline-reported,9.948683742815941,741.2589212032678,1911.8002340837234,6041.288739704565,True,A01 -> N03 -> N06 -> N08 -> A10,True,Qiskit Statevector (local simulator),False
High congestion,42,classical,0.17140000090876129,solver-reported,13.600113856598504,741.2589212032678,2007.061630319809,6342.314751810596,True,A01 -> N03 -> N06 -> N08 -> A10,True,Qiskit Statevector (local simulator),False
High congestion,42,quantum,161.55399999843212,qaoa-reported,15.539553716306626,958.6318319545442,2597.0597389661275,8206.708775132964,True,A01 -> N03 -> N05 -> N11 -> A10,True,Qiskit Statevector (local simulator),False
High congestion,42,hybrid,164.7585999999137,hybrid-pipeline-reported,13.600113856598504,741.2589212032678,2007.061630319809,6342.314751810596,True,A01 -> N03 -> N06 -> N08 -> A10,True,Qiskit Statevector (local simulator),False
High congestion,43,classical,0.18219999947177712,solver-reported,13.860023614835413,741.2589212032678,2015.8829204737929,6370.190028697186,True,A01 -> N03 -> N06 -> N08 -> A10,True,Qiskit Statevector (local simulator),False
High congestion,43,quantum,194.94480000139447,qaoa-reported,15.54848818838372,951.7886082608977,2589.8485963774583,8183.921564552768,True,A01 -> N04 -> N12 -> N11 -> A10,True,Qiskit Statevector (local simulator),False
High congestion,43,hybrid,198.13280000016675,hybrid-pipeline-reported,13.860023614835413,741.2589212032678,2015.8829204737929,6370.190028697186,True,A01 -> N03 -> N06 -> N08 -> A10,True,Qiskit Statevector (local simulator),False
High congestion,44,classical,0.17560000014782418,solver-reported,13.422691395135143,741.2589212032678,2003.4754311635372,6330.982362476778,True,A01 -> N03 -> N06 -> N08 -> A10,True,Qiskit Statevector (local simulator),False
High congestion,44,quantum,168.68690000046627,qaoa-reported,13.422691395135143,741.2589212032678,2003.4754311635372,6330.982362476778,True,A01 -> N03 -> N06 -> N08 -> A10,True,Qiskit Statevector (local simulator),False
High congestion,44,hybrid,171.91660000025877,hybrid-pipeline-reported,13.422691395135143,741.2589212032678,2003.4754311635372,6330.982362476778,True,A01 -> N03 -> N06 -> N08 -> A10,True,Qiskit Statevector (local simulator),False
Strong headwind,42,classical,0.2021000000240747,solver-reported,10.57470942649465,741.2589212032678,2021.6245937720846,6388.333716319788,True,A01 -> N03 -> N06 -> N08 -> A10,True,Qiskit Statevector (local simulator),False
Strong headwind,42,quantum,224.3653000004997,qaoa-reported,10.57470942649465,741.2589212032678,2021.6245937720846,6388.333716319788,True,A01 -> N03 -> N06 -> N08 -> A10,True,Qiskit Statevector (local simulator),False
Strong headwind,42,hybrid,227.8013999984978,hybrid-pipeline-reported,10.57470942649465,741.2589212032678,2021.6245937720846,6388.333716319788,True,A01 -> N03 -> N06 -> N08 -> A10,True,Qiskit Statevector (local simulator),False
Strong headwind,43,classical,0.2924999989772914,solver-reported,10.84355926308006,741.2589212032678,2029.962631609106,6414.681915884776,True,A01 -> N03 -> N06 -> N08 -> A10,True,Qiskit Statevector (local simulator),False
Strong headwind,43,quantum,257.54999999844586,qaoa-reported,10.84355926308006,741.2589212032678,2029.962631609106,6414.681915884776,True,A01 -> N03 -> N06 -> N08 -> A10,True,Qiskit Statevector (local simulator),False
Strong headwind,43,hybrid,263.3642000000691,hybrid-pipeline-reported,10.84355926308006,741.2589212032678,2029.962631609106,6414.681915884776,True,A01 -> N03 -> N06 -> N08 -> A10,True,Qiskit Statevector (local simulator),False
Strong headwind,44,classical,0.25970000024244655,solver-reported,10.400834215772955,741.2589212032678,2018.5971131560839,6378.766877573225,True,A01 -> N03 -> N06 -> N08 -> A10,True,Qiskit Statevector (local simulator),False
Strong headwind,44,quantum,314.06779999997525,qaoa-reported,10.400834215772955,741.2589212032678,2018.5971131560839,6378.766877573225,True,A01 -> N03 -> N06 -> N08 -> A10,True,Qiskit Statevector (local simulator),False
Strong headwind,44,hybrid,320.01710000076855,hybrid-pipeline-reported,10.400834215772955,741.2589212032678,2018.5971131560839,6378.766877573225,True,A01 -> N03 -> N06 -> N08 -> A10,True,Qiskit Statevector (local simulator),False
Restricted airspace,42,classical,0.3214999996998813,solver-reported,10.7361625895606,741.2589212032678,1934.2885357306782,6112.3517729089435,True,A01 -> N03 -> N06 -> N08 -> A10,True,Qiskit Statevector (local simulator),False
Restricted airspace,42,quantum,279.0612999997393,qaoa-reported,10.7361625895606,741.2589212032678,1934.2885357306782,6112.3517729089435,True,A01 -> N03 -> N06 -> N08 -> A10,True,Qiskit Statevector (local simulator),False
Restricted airspace,42,hybrid,284.6713999988424,hybrid-pipeline-reported,10.7361625895606,741.2589212032678,1934.2885357306782,6112.3517729089435,True,A01 -> N03 -> N06 -> N08 -> A10,True,Qiskit Statevector (local simulator),False
Restricted airspace,43,classical,0.2689000011741882,solver-reported,10.999695592249076,741.2589212032678,1943.109825884662,6140.227049795532,True,A01 -> N03 -> N06 -> N08 -> A10,True,Qiskit Statevector (local simulator),False
Restricted airspace,43,quantum,301.67269999947166,qaoa-reported,10.999695592249076,741.2589212032678,1943.109825884662,6140.227049795532,True,A01 -> N03 -> N06 -> N08 -> A10,True,Qiskit Statevector (local simulator),False
Restricted airspace,43,hybrid,307.11470000096597,hybrid-pipeline-reported,10.999695592249076,741.2589212032678,1943.109825884662,6140.227049795532,True,A01 -> N03 -> N06 -> N08 -> A10,True,Qiskit Statevector (local simulator),False
Restricted airspace,44,classical,0.4466999998840038,solver-reported,10.564773186009793,741.2589212032678,1930.7023365744067,6101.019383575125,True,A01 -> N03 -> N06 -> N08 -> A10,True,Qiskit Statevector (local simulator),False
Restricted airspace,44,quantum,261.34929999898304,qaoa-reported,10.564773186009793,741.2589212032678,1930.7023365744067,6101.019383575125,True,A01 -> N03 -> N06 -> N08 -> A10,True,Qiskit Statevector (local simulator),False
Restricted airspace,44,hybrid,268.75440000003437,hybrid-pipeline-reported,10.564773186009793,741.2589212032678,1930.7023365744067,6101.019383575125,True,A01 -> N03 -> N06 -> N08 -> A10,True,Qiskit Statevector (local simulator),False
Emissions priority,42,classical,0.27240000054007396,solver-reported,15.435762841851657,741.2589212032678,1927.672799858939,6091.446047554247,True,A01 -> N03 -> N06 -> N08 -> A10,True,Qiskit Statevector (local simulator),False
Emissions priority,42,quantum,273.165999999037,qaoa-reported,15.435762841851657,741.2589212032678,1927.672799858939,6091.446047554247,True,A01 -> N03 -> N06 -> N08 -> A10,True,Qiskit Statevector (local simulator),False
Emissions priority,42,hybrid,278.5855999991327,hybrid-pipeline-reported,15.435762841851657,741.2589212032678,1927.672799858939,6091.446047554247,True,A01 -> N03 -> N06 -> N08 -> A10,True,Qiskit Statevector (local simulator),False
Emissions priority,43,classical,0.2653999999893131,solver-reported,15.67372262530307,741.2589212032678,1936.4940900129227,6119.321324440836,True,A01 -> N03 -> N06 -> N08 -> A10,True,Qiskit Statevector (local simulator),False
Emissions priority,43,quantum,275.2788000016153,qaoa-reported,15.67372262530307,741.2589212032678,1936.4940900129227,6119.321324440836,True,A01 -> N03 -> N06 -> N08 -> A10,True,Qiskit Statevector (local simulator),False
Emissions priority,43,hybrid,280.05859999939275,hybrid-pipeline-reported,15.67372262530307,741.2589212032678,1936.4940900129227,6119.321324440836,True,A01 -> N03 -> N06 -> N08 -> A10,True,Qiskit Statevector (local simulator),False
Emissions priority,44,classical,0.21639999977196567,solver-reported,15.338164701978311,741.2589212032678,1924.0866007026673,6080.113658220429,True,A01 -> N03 -> N06 -> N08 -> A10,True,Qiskit Statevector (local simulator),False
Emissions priority,44,quantum,205.56890000079875,qaoa-reported,15.338164701978311,741.2589212032678,1924.0866007026673,6080.113658220429,True,A01 -> N03 -> N06 -> N08 -> A10,True,Qiskit Statevector (local simulator),False
Emissions priority,44,hybrid,209.16089999991527,hybrid-pipeline-reported,15.338164701978311,741.2589212032678,1924.0866007026673,6080.113658220429,True,A01 -> N03 -> N06 -> N08 -> A10,True,Qiskit Statevector (local simulator),False
Fuel priority,42,classical,0.2755999994406011,solver-reported,14.004764098282513,741.2589212032678,1927.672799858939,6091.446047554247,True,A01 -> N03 -> N06 -> N08 -> A10,True,Qiskit Statevector (local simulator),False
Fuel priority,42,quantum,296.07229999965057,qaoa-reported,14.004764098282513,741.2589212032678,1927.672799858939,6091.446047554247,True,A01 -> N03 -> N06 -> N08 -> A10,True,Qiskit Statevector (local simulator),False
Fuel priority,42,hybrid,301.32360000061453,hybrid-pipeline-reported,14.004764098282513,741.2589212032678,1927.672799858939,6091.446047554247,True,A01 -> N03 -> N06 -> N08 -> A10,True,Qiskit Statevector (local simulator),False
Fuel priority,43,classical,0.1847000003181165,solver-reported,14.250054370076391,741.2589212032678,1936.4940900129227,6119.321324440836,True,A01 -> N03 -> N06 -> N08 -> A10,True,Qiskit Statevector (local simulator),False
Fuel priority,43,quantum,164.485399998739,qaoa-reported,16.547566984722778,883.5970690070998,2298.661952251088,7263.7717691134385,True,A01 -> N03 -> N05 -> N07 -> N09 -> A10,True,Qiskit Statevector (local simulator),False
Fuel priority,43,hybrid,167.79120000137482,hybrid-pipeline-reported,14.250054370076391,741.2589212032678,1936.4940900129227,6119.321324440836,True,A01 -> N03 -> N06 -> N08 -> A10,True,Qiskit Statevector (local simulator),False
Fuel priority,44,classical,0.17309999930148479,solver-reported,13.886190525923844,741.2589212032678,1924.0866007026673,6080.113658220429,True,A01 -> N03 -> N06 -> N08 -> A10,True,Qiskit Statevector (local simulator),False
Fuel priority,44,quantum,168.29760000109673,qaoa-reported,13.886190525923844,741.2589212032678,1924.0866007026673,6080.113658220429,True,A01 -> N03 -> N06 -> N08 -> A10,True,Qiskit Statevector (local simulator),False
Fuel priority,44,hybrid,171.4319999991858,hybrid-pipeline-reported,13.886190525923844,741.2589212032678,1924.0866007026673,6080.113658220429,True,A01 -> N03 -> N06 -> N08 -> A10,True,Qiskit Statevector (local simulator),False
