scenario,seed,method,runtime_ms,objective,distance_km,fuel_kg,co2_kg,feasible,route,qiskit_used,quantum_backend,fallback
Normal conditions,42,classical,0.5419999997684499,10.11948886537429,741.2589212032678,1915.3864332399946,6052.6211290383835,True,A01 -> N03 -> N06 -> N08 -> A10,True,Qiskit Statevector (local simulator),False
Normal conditions,42,quantum,356.85410000041884,10.11948886537429,741.2589212032678,1915.3864332399946,6052.6211290383835,True,A01 -> N03 -> N06 -> N08 -> A10,True,Qiskit Statevector (local simulator),False
Normal conditions,42,hybrid,1112.46840000058,10.11948886537429,741.2589212032678,1915.3864332399946,6052.6211290383835,True,A01 -> N03 -> N06 -> N08 -> A10,True,Qiskit Statevector (local simulator),False
Normal conditions,43,classical,0.1787999990483513,10.382790834833129,741.2589212032678,1924.2077233939788,6080.496405924972,True,A01 -> N03 -> N06 -> N08 -> A10,True,Qiskit Statevector (local simulator),False
Normal conditions,43,quantum,188.55119999898307,10.382790834833129,741.2589212032678,1924.2077233939788,6080.496405924972,True,A01 -> N03 -> N06 -> N08 -> A10,True,Qiskit Statevector (local simulator),False
Normal conditions,43,hybrid,192.1744999999646,10.382790834833129,741.2589212032678,1924.2077233939788,6080.496405924972,True,A01 -> N03 -> N06 -> N08 -> A10,True,Qiskit Statevector (local simulator),False
Normal conditions,44,classical,0.1677999989624368,9.948683742815941,741.2589212032678,1911.8002340837234,6041.288739704565,True,A01 -> N03 -> N06 -> N08 -> A10,True,Qiskit Statevector (local simulator),False
Normal conditions,44,quantum,303.73790000157896,9.948683742815941,741.2589212032678,1911.8002340837234,6041.288739704565,True,A01 -> N03 -> N06 -> N08 -> A10,True,Qiskit Statevector (local simulator),False
Normal conditions,44,hybrid,306.92199999975855,9.948683742815941,741.2589212032678,1911.8002340837234,6041.288739704565,True,A01 -> N03 -> N06 -> N08 -> A10,True,Qiskit Statevector (local simulator),False
High congestion,42,classical,0.16970000069704838,13.600113856598504,741.2589212032678,2007.061630319809,6342.314751810596,True,A01 -> N03 -> N06 -> N08 -> A10,True,Qiskit Statevector (local simulator),False
High congestion,42,quantum,156.86009999990347,15.539553716306626,958.6318319545442,2597.0597389661275,8206.708775132964,True,A01 -> N03 -> N05 -> N11 -> A10,True,Qiskit Statevector (local simulator),False
High congestion,42,hybrid,160.0572999996075,13.600113856598504,741.2589212032678,2007.061630319809,6342.314751810596,True,A01 -> N03 -> N06 -> N08 -> A10,True,Qiskit Statevector (local simulator),False
High congestion,43,classical,0.17579999985173345,13.860023614835413,741.2589212032678,2015.8829204737929,6370.190028697186,True,A01 -> N03 -> N06 -> N08 -> A10,True,Qiskit Statevector (local simulator),False
High congestion,43,quantum,189.94779999957245,15.548488188383722,951.7886082608977,2589.8485963774583,8183.921564552768,True,A01 -> N04 -> N12 -> N11 -> A10,True,Qiskit Statevector (local simulator),False
High congestion,43,hybrid,193.15450000067358,13.860023614835413,741.2589212032678,2015.8829204737929,6370.190028697186,True,A01 -> N03 -> N06 -> N08 -> A10,True,Qiskit Statevector (local simulator),False
High congestion,44,classical,0.1788000008673407,13.422691395135143,741.2589212032678,2003.4754311635372,6330.982362476778,True,A01 -> N03 -> N06 -> N08 -> A10,True,Qiskit Statevector (local simulator),False
High congestion,44,quantum,170.108700000128,13.422691395135143,741.2589212032678,2003.4754311635372,6330.982362476778,True,A01 -> N03 -> N06 -> N08 -> A10,True,Qiskit Statevector (local simulator),False
High congestion,44,hybrid,173.32510000051116,13.422691395135143,741.2589212032678,2003.4754311635372,6330.982362476778,True,A01 -> N03 -> N06 -> N08 -> A10,True,Qiskit Statevector (local simulator),False
Strong headwind,42,classical,0.17049999951268546,10.57470942649465,741.2589212032678,2021.6245937720846,6388.333716319788,True,A01 -> N03 -> N06 -> N08 -> A10,True,Qiskit Statevector (local simulator),False
Strong headwind,42,quantum,195.7270000002609,10.57470942649465,741.2589212032678,2021.6245937720846,6388.333716319788,True,A01 -> N03 -> N06 -> N08 -> A10,True,Qiskit Statevector (local simulator),False
Strong headwind,42,hybrid,198.97190000119735,10.57470942649465,741.2589212032678,2021.6245937720846,6388.333716319788,True,A01 -> N03 -> N06 -> N08 -> A10,True,Qiskit Statevector (local simulator),False
Strong headwind,43,classical,0.1919999995152466,10.84355926308006,741.2589212032678,2029.962631609106,6414.681915884776,True,A01 -> N03 -> N06 -> N08 -> A10,True,Qiskit Statevector (local simulator),False
Strong headwind,43,quantum,155.83189999961178,10.84355926308006,741.2589212032678,2029.962631609106,6414.681915884776,True,A01 -> N03 -> N06 -> N08 -> A10,True,Qiskit Statevector (local simulator),False
Strong headwind,43,hybrid,159.14430000157154,10.84355926308006,741.2589212032678,2029.962631609106,6414.681915884776,True,A01 -> N03 -> N06 -> N08 -> A10,True,Qiskit Statevector (local simulator),False
Strong headwind,44,classical,0.17160000061267056,10.400834215772955,741.2589212032678,2018.5971131560839,6378.766877573225,True,A01 -> N03 -> N06 -> N08 -> A10,True,Qiskit Statevector (local simulator),False
Strong headwind,44,quantum,188.20400000004156,10.400834215772955,741.2589212032678,2018.5971131560839,6378.766877573225,True,A01 -> N03 -> N06 -> N08 -> A10,True,Qiskit Statevector (local simulator),False
Strong headwind,44,hybrid,191.39809999978752,10.400834215772955,741.2589212032678,2018.5971131560839,6378.766877573225,True,A01 -> N03 -> N06 -> N08 -> A10,True,Qiskit Statevector (local simulator),False
Restricted airspace,42,classical,0.35790000038105063,10.7361625895606,741.2589212032678,1934.2885357306782,6112.3517729089435,True,A01 -> N03 -> N06 -> N08 -> A10,True,Qiskit Statevector (local simulator),False
Restricted airspace,42,quantum,368.59670000012557,10.7361625895606,741.2589212032678,1934.2885357306782,6112.3517729089435,True,A01 -> N03 -> N06 -> N08 -> A10,True,Qiskit Statevector (local simulator),False
Restricted airspace,42,hybrid,373.3598999988317,10.7361625895606,741.2589212032678,1934.2885357306782,6112.3517729089435,True,A01 -> N03 -> N06 -> N08 -> A10,True,Qiskit Statevector (local simulator),False
Restricted airspace,43,classical,0.31970000054570846,10.999695592249076,741.2589212032678,1943.109825884662,6140.227049795532,True,A01 -> N03 -> N06 -> N08 -> A10,True,Qiskit Statevector (local simulator),False
Restricted airspace,43,quantum,198.03020000108518,10.999695592249076,741.2589212032678,1943.109825884662,6140.227049795532,True,A01 -> N03 -> N06 -> N08 -> A10,True,Qiskit Statevector (local simulator),False
Restricted airspace,43,hybrid,201.64069999918866,10.999695592249076,741.2589212032678,1943.109825884662,6140.227049795532,True,A01 -> N03 -> N06 -> N08 -> A10,True,Qiskit Statevector (local simulator),False
Restricted airspace,44,classical,0.18730000010691583,10.564773186009793,741.2589212032678,1930.7023365744067,6101.019383575125,True,A01 -> N03 -> N06 -> N08 -> A10,True,Qiskit Statevector (local simulator),False
Restricted airspace,44,quantum,157.15880000061588,10.564773186009793,741.2589212032678,1930.7023365744067,6101.019383575125,True,A01 -> N03 -> N06 -> N08 -> A10,True,Qiskit Statevector (local simulator),False
Restricted airspace,44,hybrid,160.4334999992716,10.564773186009793,741.2589212032678,1930.7023365744067,6101.019383575125,True,A01 -> N03 -> N06 -> N08 -> A10,True,Qiskit Statevector (local simulator),False
Emissions priority,42,classical,0.17669999942881986,15.435762841851657,741.2589212032678,1927.672799858939,6091.446047554247,True,A01 -> N03 -> N06 -> N08 -> A10,True,Qiskit Statevector (local simulator),False
Emissions priority,42,quantum,173.5647000004974,15.435762841851657,741.2589212032678,1927.672799858939,6091.446047554247,True,A01 -> N03 -> N06 -> N08 -> A10,True,Qiskit Statevector (local simulator),False
Emissions priority,42,hybrid,176.81509999965783,15.435762841851657,741.2589212032678,1927.672799858939,6091.446047554247,True,A01 -> N03 -> N06 -> N08 -> A10,True,Qiskit Statevector (local simulator),False
Emissions priority,43,classical,0.17639999896346126,15.67372262530307,741.2589212032678,1936.4940900129227,6119.321324440836,True,A01 -> N03 -> N06 -> N08 -> A10,True,Qiskit Statevector (local simulator),False
Emissions priority,43,quantum,187.27279999984603,15.67372262530307,741.2589212032678,1936.4940900129227,6119.321324440836,True,A01 -> N03 -> N06 -> N08 -> A10,True,Qiskit Statevector (local simulator),False
Emissions priority,43,hybrid,190.5387000006158,15.67372262530307,741.2589212032678,1936.4940900129227,6119.321324440836,True,A01 -> N03 -> N06 -> N08 -> A10,True,Qiskit Statevector (local simulator),False
Emissions priority,44,classical,0.18279999858350493,15.338164701978311,741.2589212032678,1924.0866007026673,6080.113658220429,True,A01 -> N03 -> N06 -> N08 -> A10,True,Qiskit Statevector (local simulator),False
Emissions priority,44,quantum,177.10790000091947,15.338164701978311,741.2589212032678,1924.0866007026673,6080.113658220429,True,A01 -> N03 -> N06 -> N08 -> A10,True,Qiskit Statevector (local simulator),False
Emissions priority,44,hybrid,180.27119999896968,15.338164701978311,741.2589212032678,1924.0866007026673,6080.113658220429,True,A01 -> N03 -> N06 -> N08 -> A10,True,Qiskit Statevector (local simulator),False
Fuel priority,42,classical,0.1830000001064036,14.004764098282513,741.2589212032678,1927.672799858939,6091.446047554247,True,A01 -> N03 -> N06 -> N08 -> A10,True,Qiskit Statevector (local simulator),False
Fuel priority,42,quantum,178.54559999977937,14.004764098282513,741.2589212032678,1927.672799858939,6091.446047554247,True,A01 -> N03 -> N06 -> N08 -> A10,True,Qiskit Statevector (local simulator),False
Fuel priority,42,hybrid,181.7535999998654,14.004764098282513,741.2589212032678,1927.672799858939,6091.446047554247,True,A01 -> N03 -> N06 -> N08 -> A10,True,Qiskit Statevector (local simulator),False
Fuel priority,43,classical,0.1847000003181165,14.250054370076391,741.2589212032678,1936.4940900129227,6119.321324440836,True,A01 -> N03 -> N06 -> N08 -> A10,True,Qiskit Statevector (local simulator),False
Fuel priority,43,quantum,159.4308000003366,16.547566984722778,883.5970690070998,2298.661952251088,7263.7717691134385,True,A01 -> N03 -> N05 -> N07 -> N09 -> A10,True,Qiskit Statevector (local simulator),False
Fuel priority,43,hybrid,162.6166000005469,14.250054370076391,741.2589212032678,1936.4940900129227,6119.321324440836,True,A01 -> N03 -> N06 -> N08 -> A10,True,Qiskit Statevector (local simulator),False
Fuel priority,44,classical,0.17099999968195334,13.886190525923844,741.2589212032678,1924.0866007026673,6080.113658220429,True,A01 -> N03 -> N06 -> N08 -> A10,True,Qiskit Statevector (local simulator),False
Fuel priority,44,quantum,176.1380999996618,13.886190525923844,741.2589212032678,1924.0866007026673,6080.113658220429,True,A01 -> N03 -> N06 -> N08 -> A10,True,Qiskit Statevector (local simulator),False
Fuel priority,44,hybrid,179.4265999997151,13.886190525923844,741.2589212032678,1924.0866007026673,6080.113658220429,True,A01 -> N03 -> N06 -> N08 -> A10,True,Qiskit Statevector (local simulator),False
